{
    "Modules": {
        "...MASTER...": {
            "start_perf": [
                0.5614171028137207,
                0.076988000000000001,
                0.065989000000000006,
                331196,
                411404,
                1553697508.805506,
                28356570165026664
            ],
            "nMops": 0,
            "nQuads": 0,
            "child_modules": {
                "std": 1,
                "LPF1s_TB": 1
            },
            "nRouts": 5,
            "end_perf": [
                0.59969806671142578,
                0.078987000000000002,
                0.067988999999999994,
                335720,
                411404,
                28356570257014008,
                0,
                0
            ]
        },
        "LPF1s_TB": {
            "start_perf": [
                0.66634917259216309,
                0.090985999999999997,
                0.070988999999999997,
                338968,
                411404,
                1553697508.9104381,
                28356570416849970
            ],
            "nMops": 303,
            "nQuads": 140,
            "Compiled": "Yes",
            "child_modules": {
                "LPF1s": 3
            },
            "Compiled Times": 1,
            "nRouts": 31,
            "end_perf": [
                0.67149019241333008,
                0.096985000000000002,
                0.070988999999999997,
                339960,
                411404,
                28356570429292206,
                111669227539,
                0
            ]
        },
        "std": {
            "start_perf": [
                0.59984016418457031,
                0.078987000000000002,
                0.067988999999999994,
                335720,
                411404,
                1553697508.8439291,
                28356570257330808
            ],
            "nMops": 522,
            "child_modules": {},
            "nQuads": 216,
            "Compiled": "Yes",
            "Compiled Times": 1,
            "nRouts": 33,
            "significant_routs": [
                [
                    1,
                    "T_VCSgd_reYIK_1_0",
                    7118686,
                    138,
                    13
                ],
                [
                    2,
                    "T_VCSgd_reYIK_2_0",
                    26057060,
                    138,
                    12
                ]
            ],
            "end_perf": [
                0.65295910835266113,
                0.086985999999999994,
                0.069988999999999996,
                338392,
                411404,
                28356570384732258,
                0,
                0
            ],
            "svclass": [
                "$vcs_nba_dyn_obj",
                576,
                35,
                2,
                2,
                0,
                "sigprop$$",
                576,
                35,
                2,
                2,
                0,
                "process",
                2338,
                194,
                8,
                8,
                0,
                "event",
                597,
                34,
                2,
                2,
                0,
                "mailbox",
                1769,
                140,
                9,
                9,
                0,
                "semaphore",
                1119,
                84,
                5,
                5,
                0
            ]
        },
        "LPF1s": {
            "start_perf": [
                0.65300703048706055,
                0.086985999999999994,
                0.069988999999999996,
                338392,
                411404,
                1553697508.8970959,
                28356570384825042
            ],
            "nMops": 352,
            "nQuads": 128,
            "Compiled": "Yes",
            "child_modules": {},
            "Compiled Times": 1,
            "nRouts": 24,
            "end_perf": [
                0.66627001762390137,
                0.090985999999999997,
                0.070988999999999997,
                338968,
                411404,
                28356570416765364,
                12884979731,
                0
            ]
        }
    },
    "CompUnits": {
        "g1tD9_d": {
            "mode": 4,
            "mod": "LPF1s_TB",
            "out": "g1tD9_d.o",
            "archive": "archive.0/_14997_archive_1.a",
            "bytes": 13954,
            "text": 3027,
            "checksum": 0
        },
        "amcQw_d": {
            "mode": 4,
            "mod": "...MASTER...",
            "out": "objs/amcQw_d.o",
            "bytes": 7844,
            "text": 414,
            "checksum": 0
        },
        "reYIK_d": {
            "mode": 4,
            "mod": "std",
            "cls": 6975,
            "out": "reYIK_d.o",
            "archive": "archive.0/_14997_archive_1.a",
            "bytes": 39394,
            "text": 7269,
            "checksum": 0
        },
        "KIQ5p_d": {
            "mode": 4,
            "mod": "LPF1s",
            "out": "KIQ5p_d.o",
            "archive": "archive.0/_14997_archive_1.a",
            "bytes": 13410,
            "text": 3853,
            "checksum": 0
        }
    },
    "reusePaths": {},
    "stat": {
        "ru_self_end": {
            "ru_maxrss_kb": 86656,
            "ru_utime_sec": 0.100984,
            "ru_stime_sec": 0.074987999999999999,
            "ru_nvcsw": 459,
            "ru_majflt": 0,
            "ru_minflt": 30993,
            "ru_nivcsw": 13
        },
        "cpu_cycles_end": 28356570527837040,
        "ru_childs_end": {
            "ru_maxrss_kb": 24072,
            "ru_utime_sec": 0.005999,
            "ru_stime_sec": 0.037994,
            "ru_nvcsw": 36,
            "ru_majflt": 0,
            "ru_minflt": 4745,
            "ru_nivcsw": 23
        },
        "peak_mem_kb": 411404
    },
    "ObjArchives": [
        {
            "archive": "archive.0/_14997_archive_1.a",
            "objects": [
                [
                    "reYIK_d.o",
                    39394
                ],
                [
                    "KIQ5p_d.o",
                    13410
                ],
                [
                    "g1tD9_d.o",
                    13954
                ],
                [
                    "amcQwB.o",
                    117476
                ]
            ],
            "size": 184234
        }
    ]
}